canonicalId	originalName	trait	markerType	chrom	posStart	posEnd	ref	alt	priority	source	sourceCode	evidence
S100K-SNP-SB01-001144852-C-T	Sbv3.1_01_01144852Y	Staygreen	SNP	1	1144852	1144852	C	T	3	Marla/KSU	MAR-KSU	STRAIT-KIN 100k panel
S100K-SNP-SB01-001287238-C-T	Sbv3.1_01_01287238Y	Staygreen	SNP	1	1287238	1287238	C	T	3	Marla/KSU	MAR-KSU	STRAIT-KIN 100k panel
S100K-SNP-SB01-006306241-C-G	Sbv3.1_01_06306241S	Early season chilling tolerance	SNP	1	6306241	6306241	C	G	3	Marla/KSU	MAR-KSU	STRAIT-KIN 100k panel
S100K-SNP-SB01-007620913-A-C	Sbv3.1_01_07620913M	Early season chilling tolerance	SNP	1	7620913	7620913	A	C	3	Marla/KSU	MAR-KSU	STRAIT-KIN 100k panel
S100K-SNP-SB01-011126285-G-A	Sbv3.1_01_11126285R	Early season chilling tolerance	SNP	1	11126285	11126285	G	A	3	Marla/KSU	MAR-KSU	STRAIT-KIN 100k panel
S100K-SNP-SB01-011702028-C-T	Sbv3.1_01_11702028Y	Early season chilling tolerance	SNP	1	11702028	11702028	C	T	3	Marla/KSU	MAR-KSU	STRAIT-KIN 100k panel
S100K-SNP-SB01-012959346-G-A	Sbv3.1_01_12959346R	Early season chilling tolerance	SNP	1	12959346	12959346	G	A	3	Marla/KSU	MAR-KSU	STRAIT-KIN 100k panel
S100K-SNP-SB01-012999899-T-C	SNP_1_12,999,899	Starch	SNP	1	12999899	12999899	T	C	3	Yerka/YJ	YER-YJ	GWAS (P=1.85e-06)
S100K-SNP-SB01-015790540-G-A	SNP_1_15,790,540	Oil	SNP	1	15790540	15790540	G	A	3	Yerka/YJ	YER-YJ	GWAS (P=1.54e-07)
S100K-SNP-SB01-018368633-A-G	SNP_1_18,368,633	Starch	SNP	1	18368633	18368633	A	G	3	Yerka/YJ	YER-YJ	GWAS (P=4.48e-06)
S100K-SNP-SB01-021279335-C-G	DArT_Chr1_21279335	Drought tolerance	SNP	1	21279335	21279335	C	G	4	Odeny/ICRISAT	ODE-ICR	DArT-seq
S100K-SNP-SB01-037070781-C-A	SNP_1_37,070,781	Oil	SNP	1	37070781	37070781	C	A	3	Yerka/YJ	YER-YJ	GWAS (P=1.05e-06)
S100K-SNP-SB01-045984426-C-T	DArT_Chr1_45984426	Drought tolerance	SNP	1	45984426	45984426	C	T	4	Odeny/ICRISAT	ODE-ICR	DArT-seq
S100K-SNP-SB01-066423166-NA-NA	Sobic.001G375900	Striga resistance	SNP	1	66423166	66423166	-	-	3	Odeny/ICRISAT	ODE-ICR	GWAS (Striga)
S100K-SNP-SB01-066995004-NA-NA	Sobic.001G382000	Striga resistance	SNP	1	66995004	66995004	-	-	3	Odeny/ICRISAT	ODE-ICR	GWAS (Striga)
S100K-SNP-SB01-068028666-A-NA	Sbv3.1_01_68028666I	Maturity	SNP	1	68028666	68028666	A	-	3	Marla/KSU	MAR-KSU	STRAIT-KIN 100k panel
S100K-SNP-SB02-001990072-NA-NA	Sobic.002G021700	Striga resistance	SNP	2	1990072	1990072	-	-	3	Odeny/ICRISAT	ODE-ICR	GWAS (Striga)
S100K-SNP-SB02-006045380-NA-NA	Rf_Chr2_1	Fertility restoration	SNP	2	6045380	6045380	-	-	2	EIB/AgriPlex	EIB-AGR	EIB/AgriPlex
S100K-SNP-SB02-006843380-NA-NA	Rf_Chr2_2	Fertility restoration	SNP	2	6843380	6843380	-	-	2	EIB/AgriPlex	EIB-AGR	EIB/AgriPlex
S100K-SNP-SB02-007404837-A-G	Sbv3.1_02_07404837R	Early season chilling tolerance	SNP	2	7404837	7404837	A	G	3	Marla/KSU	MAR-KSU	STRAIT-KIN 100k panel
S100K-SNP-SB02-007803138-C-T	DArT_Chr2_7803138	Drought tolerance	SNP	2	7803138	7803138	C	T	4	Odeny/ICRISAT	ODE-ICR	DArT-seq
S100K-SNP-SB02-007983859-C-T	Sbv3.1_02_07983859R	Tannins	SNP	2	7983859	7983859	C	T	3	Marla/KSU	MAR-KSU	STRAIT-KIN 100k panel
S100K-SNP-SB02-007983954-NA-CTCCC	Sbv3.1_02_07983954I	Tannins	SNP	2	7983954	7983954	-	CTCCC	3	Marla/KSU	MAR-KSU	STRAIT-KIN 100k panel
S100K-SNP-SB02-008570292-G-T	Sbv3.1_02_08570292K	Early season chilling tolerance	SNP	2	8570292	8570292	G	T	3	Marla/KSU	MAR-KSU	STRAIT-KIN 100k panel
S100K-SNP-SB02-008715821-NA-NA	Rf_Chr2_3	Fertility restoration	SNP	2	8715821	8715821	-	-	2	EIB/AgriPlex	EIB-AGR	EIB/AgriPlex
S100K-SNP-SB02-009692161-G-A	Sbv3.1_02_09692161R	Early season chilling tolerance	SNP	2	9692161	9692161	G	A	3	Marla/KSU	MAR-KSU	STRAIT-KIN 100k panel
S100K-SNP-SB02-010218073-C-T	Sbv3.1_02_10218073Y	Early season chilling tolerance	SNP	2	10218073	10218073	C	T	3	Marla/KSU	MAR-KSU	STRAIT-KIN 100k panel
S100K-SNP-SB02-010564386-T-G	Sbv3.1_02_10564386K	Early season chilling tolerance	SNP	2	10564386	10564386	T	G	3	Marla/KSU	MAR-KSU	STRAIT-KIN 100k panel
S100K-SNP-SB02-056692699-T-C	Sbv3.1_02_56692699Y	Staygreen	SNP	2	56692699	56692699	T	C	3	Marla/KSU	MAR-KSU	STRAIT-KIN 100k panel
S100K-SNP-SB02-056954578-A-C	Sbv3.1_02_56954578M	Staygreen	SNP	2	56954578	56954578	A	C	3	Marla/KSU	MAR-KSU	STRAIT-KIN 100k panel
S100K-SNP-SB02-059000770-NA-NA	Stg_Chr2_1	Drought tolerance	SNP	2	59000770	59000770	-	-	2	EIB/AgriPlex	EIB-AGR	EIB/AgriPlex
S100K-SNP-SB02-059157949-NA-NA	Sobic.002G201600	Striga resistance	SNP	2	59157949	59157949	-	-	3	Odeny/ICRISAT	ODE-ICR	GWAS (Striga)
S100K-SNP-SB02-059718618-G-A	Sobic.002G205500	Plant height	SNP	2	59718618	59718618	G	A	2	Behera/AAU	BEH-AAU	GWAS
S100K-SNP-SB02-059821923-NA-NA	Stg_Chr2_2	Drought tolerance	SNP	2	59821923	59821923	-	-	2	EIB/AgriPlex	EIB-AGR	EIB/AgriPlex
S100K-SNP-SB02-060098184-NA-NA	Stg_Chr2_3	Drought tolerance	SNP	2	60098184	60098184	-	-	2	EIB/AgriPlex	EIB-AGR	EIB/AgriPlex
S100K-SNP-SB02-061226505-NA-NA	Sobic.002G220700	Striga resistance	SNP	2	61226505	61226505	-	-	3	Odeny/ICRISAT	ODE-ICR	GWAS (Striga)
S100K-SNP-SB02-061811307-NA-NA	Stg_Rf_Chr2	Drought/Fertility	SNP	2	61811307	61811307	-	-	2	EIB/AgriPlex	EIB-AGR	EIB/AgriPlex
S100K-SNP-SB02-067306935-NA-NA	Stg_Chr2_4	Drought tolerance	SNP	2	67306935	67306935	-	-	3	EIB/AgriPlex	EIB-AGR	EIB/AgriPlex
S100K-SNP-SB02-067710384-NA-NA	Stg_Chr2_5	Drought tolerance	SNP	2	67710384	67710384	-	-	3	EIB/AgriPlex	EIB-AGR	EIB/AgriPlex
S100K-SNP-SB02-067884158-T-A	Sbv3.1_02_67884158W	Maturity	SNP	2	67884158	67884158	T	A	3	Marla/KSU	MAR-KSU	STRAIT-KIN 100k panel
S100K-SNP-SB02-069292723-NA-NA	Sobic.002G321300	Striga resistance	SNP	2	69292723	69292723	-	-	3	Odeny/ICRISAT	ODE-ICR	GWAS (Striga)
S100K-SNP-SB02-069504114-T-C	Sbv3.1_02_69504114Y	Staygreen	SNP	2	69504114	69504114	T	C	3	Marla/KSU	MAR-KSU	STRAIT-KIN 100k panel
S100K-SNP-SB02-070591587-A-G	Sbv3.1_02_70591587R	Staygreen	SNP	2	70591587	70591587	A	G	3	Marla/KSU	MAR-KSU	STRAIT-KIN 100k panel
S100K-SNP-SB02-071419274-NA-NA	Stg_Chr2_6	Drought tolerance	SNP	2	71419274	71419274	-	-	3	EIB/AgriPlex	EIB-AGR	EIB/AgriPlex
S100K-SNP-SB02-074592550-G-A	Sobic.002G393000	Days to flowering	SNP	2	74592550	74592550	G	A	3	Behera/AAU	BEH-AAU	GWAS
S100K-SNP-SB02-077523709-G-A	DArT_Chr2_77523709	Drought tolerance	SNP	2	77523709	77523709	G	A	4	Odeny/ICRISAT	ODE-ICR	DArT-seq
S100K-SNP-SB03-013455829-A-G	DArT_Chr3_13455829	Drought tolerance	SNP	3	13455829	13455829	A	G	4	Odeny/ICRISAT	ODE-ICR	DArT-seq
S100K-SNP-SB03-030310883-NA-NA	Rf_Chr3	Fertility restoration	SNP	3	30310883	30310883	-	-	2	EIB/AgriPlex	EIB-AGR	EIB/AgriPlex
S100K-SNP-SB03-057242431-A-G	DArT_Chr3_57242431	Drought tolerance	SNP	3	57242431	57242431	A	G	4	Odeny/ICRISAT	ODE-ICR	DArT-seq
S100K-SNP-SB03-058064948-NA-NA	Sobic.003G241300	Striga resistance	SNP	3	58064948	58064948	-	-	3	Odeny/ICRISAT	ODE-ICR	GWAS (Striga)
S100K-SNP-SB03-070784102-A-G	SNP_3_70,784,102	Oil	SNP	3	70784102	70784102	A	G	3	Yerka/YJ	YER-YJ	GWAS (P=1.32e-06)
S100K-SNP-SB04-000364279-NA-NA	Rf_Chr4	Fertility restoration	SNP	4	364279	364279	-	-	2	EIB/AgriPlex	EIB-AGR	EIB/AgriPlex
S100K-SNP-SB04-000438979-NA-NA	Sobic.004G005100	Striga resistance	SNP	4	438979	438979	-	-	3	Odeny/ICRISAT	ODE-ICR	GWAS (Striga)
S100K-SNP-SB04-001389787-T-A	DArT_Chr4_1389787	Drought tolerance	SNP	4	1389787	1389787	T	A	4	Odeny/ICRISAT	ODE-ICR	DArT-seq
S100K-SNP-SB04-002600536-C-T	DArT_Chr4_2600536	Drought tolerance	SNP	4	2600536	2600536	C	T	4	Odeny/ICRISAT	ODE-ICR	DArT-seq
S100K-SNP-SB04-003295616-C-G	DArT_Chr4_3295616	Drought tolerance	SNP	4	3295616	3295616	C	G	4	Odeny/ICRISAT	ODE-ICR	DArT-seq
S100K-SNP-SB04-005610661-NA-NA	Sobic.004G068800	Striga resistance	SNP	4	5610661	5610661	-	-	3	Odeny/ICRISAT	ODE-ICR	GWAS (Striga)
S100K-SNP-SB04-005731386-G-A	Sbv3.1_04_05731386R	Brown midrib	SNP	4	5731386	5731386	G	A	3	Marla/KSU	MAR-KSU	STRAIT-KIN 100k panel
S100K-SNP-SB04-049535836-A-G	SNP_4_49,535,836	Lysine	SNP	4	49535836	49535836	A	G	3	Yerka/YJ	YER-YJ	GWAS (P=6.94e-12)
S100K-SNP-SB04-050512606-NA-NA	Sobic.004G158901	Striga resistance	SNP	4	50512606	50512606	-	-	3	Odeny/ICRISAT	ODE-ICR	GWAS (Striga)
S100K-SNP-SB04-051292838-NA-NA	Sobic.004G163700	Striga resistance	SNP	4	51292838	51292838	-	-	3	Odeny/ICRISAT	ODE-ICR	GWAS (Striga)
S100K-SNP-SB04-053412080-NA-NA	Sobic.004G181500	Striga resistance	SNP	4	53412080	53412080	-	-	3	Odeny/ICRISAT	ODE-ICR	GWAS (Striga)
S100K-SNP-SB04-054001672-G-A	SNP_4_54,001,672	Protein	SNP	4	54001672	54001672	G	A	3	Yerka/YJ	YER-YJ	GWAS (P=3.94e-07)
S100K-SNP-SB04-056353491-C-G	DArT_Chr4_56353491	Drought tolerance	SNP	4	56353491	56353491	C	G	4	Odeny/ICRISAT	ODE-ICR	DArT-seq
S100K-SNP-SB04-059715414-T-C	DArT_Chr4_59715414	Drought tolerance	SNP	4	59715414	59715414	T	C	4	Odeny/ICRISAT	ODE-ICR	DArT-seq
S100K-SNP-SB04-060357371-G-C	Sbv3.1_04_60357371S	Early season chilling tolerance	SNP	4	60357371	60357371	G	C	3	Marla/KSU	MAR-KSU	STRAIT-KIN 100k panel
S100K-SNP-SB04-061096729-G-A	Sbv3.1_04_61096729R	Early season chilling tolerance	SNP	4	61096729	61096729	G	A	3	Marla/KSU	MAR-KSU	STRAIT-KIN 100k panel
S100K-SNP-SB04-061680898-G-A	Sbv3.1_04_61680898R	Early season chilling tolerance	SNP	4	61680898	61680898	G	A	3	Marla/KSU	MAR-KSU	STRAIT-KIN 100k panel
S100K-SNP-SB04-062316207-G-A	Sbv3.1_04_62316207R	Tannins	SNP	4	62316207	62316207	G	A	3	Marla/KSU	MAR-KSU	STRAIT-KIN 100k panel
S100K-SNP-SB04-062316555-G-A	Sbv3.1_04_62316555R	Tannins	SNP	4	62316555	62316555	G (CTG)	A (GCA)	3	Marla/KSU	MAR-KSU	STRAIT-KIN 100k panel
S100K-SNP-SB04-062316696-G-A	Sbv3.1_04_62316696R	Tannins	SNP	4	62316696	62316696	G	A	3	Marla/KSU	MAR-KSU	STRAIT-KIN 100k panel
S100K-SNP-SB04-062380875-T-A	Sbv3.1_04_62380875W	Early season chilling tolerance	SNP	4	62380875	62380875	T	A	3	Marla/KSU	MAR-KSU	STRAIT-KIN 100k panel
S100K-SNP-SB04-062682585-A-G	Sbv3.1_04_62682585R	Early season chilling tolerance	SNP	4	62682585	62682585	A	G	3	Marla/KSU	MAR-KSU	STRAIT-KIN 100k panel
S100K-SNP-SB04-064068558-NA-NA	Sobic.004G020200	Striga resistance	SNP	4	64068558	64068558	-	-	3	Odeny/ICRISAT	ODE-ICR	GWAS (Striga)
S100K-SNP-SB04-065176114-C-G	DArT_Chr4_65176114	Drought tolerance	SNP	4	65176114	65176114	C	G	4	Odeny/ICRISAT	ODE-ICR	DArT-seq
S100K-SNP-SB04-067820914-T-G	Sobic.004G349175	Days to flowering	SNP	4	67820914	67820914	T	G	2	Behera/AAU	BEH-AAU	GWAS
S100K-SNP-SB05-000838874-NA-NA	SFR_glossy_Chr5	Shoot fly resistance	SNP	5	838874	838874	-	-	3	EIB/AgriPlex	EIB-AGR	EIB/AgriPlex
S100K-SNP-SB05-001591316-NA-NA	Sobic.005G017700	Striga resistance	SNP	5	1591316	1591316	-	-	3	Odeny/ICRISAT	ODE-ICR	GWAS (Striga)
S100K-SNP-SB05-001608322-NA-NA	Rf_Chr5	Fertility restoration	SNP	5	1608322	1608322	-	-	2	EIB/AgriPlex	EIB-AGR	EIB/AgriPlex
S100K-SNP-SB05-012536617-C-T	SNP_5_12,536,617	Amylose	SNP	5	12536617	12536617	C	T	3	Yerka/YJ	YER-YJ	GWAS (P=3.49e-07)
S100K-SNP-SB05-016194394-NA-NA	Sobic.005G099000	Striga resistance	SNP	5	16194394	16194394	-	-	3	Odeny/ICRISAT	ODE-ICR	GWAS (Striga)
S100K-SNP-SB05-053835336-T-C	DArT_Chr5_53835336	Drought tolerance	SNP	5	53835336	53835336	T	C	4	Odeny/ICRISAT	ODE-ICR	DArT-seq
S100K-SNP-SB05-055175640-G-A	Sobic.005G126600	Days to flowering	SNP	5	55175640	55175640	G	A	3	Behera/AAU	BEH-AAU	GWAS
S100K-SNP-SB05-056501094-G-A	DArT_Chr5_56501094	Drought tolerance	SNP	5	56501094	56501094	G	A	4	Odeny/ICRISAT	ODE-ICR	DArT-seq
S100K-SNP-SB05-061381207-A-G	DArT_Chr5_61381207	Drought tolerance	SNP	5	61381207	61381207	A	G	4	Odeny/ICRISAT	ODE-ICR	DArT-seq
S100K-SNP-SB05-065160659-C-G	S5_65160659	Anthracnose resistance	SNP	5	65160659	65160659	C	G	3	Cuevas/USDA	CUE-USDA	GWAS
S100K-SNP-SB05-065193948-G-A	S5_65193948	Anthracnose resistance	SNP	5	65193948	65193948	G	A	3	Cuevas/USDA	CUE-USDA	GWAS
S100K-SNP-SB05-065205593-A-G	S5_65205593	Anthracnose resistance	SNP	5	65205593	65205593	A	G	3	Cuevas/USDA	CUE-USDA	GWAS
S100K-SNP-SB05-066493055-C-T	S5_66493055	Anthracnose resistance	SNP	5	66493055	66493055	C	T	3	Cuevas/USDA	CUE-USDA	GWAS
S100K-SNP-SB05-067024946-A-C	α-kafirin_SC1214_1	Protein quality	SNP	5	67024946	67024946	A	C	3	Tuinstra/Purdue	TUI-PUR	Association
S100K-SNP-SB05-067306771-G-C	Sobic.005G188400	Number of leaves	SNP	5	67306771	67306771	G	C	3	Behera/AAU	BEH-AAU	GWAS
S100K-SNP-SB05-067306771-G-C-02	Sobic.005G188400	Internodal length	SNP	5	67306771	67306771	G	C	4	Behera/AAU	BEH-AAU	GWAS
S100K-SNP-SB05-067367177-T-G	α-kafirin_SC1214_2	Protein quality	SNP	5	67367177	67367177	T	G	3	Tuinstra/Purdue	TUI-PUR	Association
S100K-SNP-SB05-067642691-C-T	α-kafirin_unfav	Protein quality	SNP	5	67642691	67642691	C	T	4	Tuinstra/Purdue	TUI-PUR	Association
S100K-SNP-SB05-068277542-T-C	SNP_5_68,277,542	Amylose	SNP	5	68277542	68277542	T	C	3	Yerka/YJ	YER-YJ	GWAS (P=2.46e-09)
S100K-SNP-SB05-069794954-NA-NA	LGS1_SNP1	Striga resistance	SNP	5	69794954	69794954	-	-	1	EIB/AgriPlex	EIB-AGR	Published
S100K-SNP-SB05-069847924-NA-NA	LGS1_SNP2	Striga resistance	SNP	5	69847924	69847924	-	-	1	EIB/AgriPlex	EIB-AGR	Published
S100K-SNP-SB05-069851828-NA-NA	LGS1_SNP3	Striga resistance	SNP	5	69851828	69851828	-	-	1	EIB/AgriPlex	EIB-AGR	Published
S100K-SNP-SB05-069852443-NA-NA	LGS1_SNP4	Striga resistance	SNP	5	69852443	69852443	-	-	1	EIB/AgriPlex	EIB-AGR	Published
S100K-SNP-SB05-069961644-C-T	Sbv3.1_05_69961644Y	Striga resistance	SNP	5	69961644	69961644	C	T	3	Marla/KSU	MAR-KSU	STRAIT-KIN 100k panel
S100K-SNP-SB05-070012115-G-A	Sbv3.1_05_70012115R	Striga resistance	SNP	5	70012115	70012115	G	A	3	Marla/KSU	MAR-KSU	STRAIT-KIN 100k panel
S100K-SNP-SB05-070862785-G-C	SNP_5_70,862,785	Protein	SNP	5	70862785	70862785	G	C	3	Yerka/YJ	YER-YJ	GWAS (P=5.49e-07)
S100K-SNP-SB06-000697740-NA-GTCGA	Sbv3.1_06_00697740I	Maturity	SNP	6	697740	697740	-	GTCGA	3	Marla/KSU	MAR-KSU	STRAIT-KIN 100k panel
S100K-SNP-SB06-001389246-NA-NA	Sobic.006G009400	Striga resistance	SNP	6	1389246	1389246	-	-	3	Odeny/ICRISAT	ODE-ICR	GWAS (Striga)
S100K-SNP-SB06-002316351-C-T	Sbv3.1_06_02316351Y	Sorghum Aphid Tolerance	SNP	6	2316351	2316351	C	T	3	Marla/KSU	MAR-KSU	STRAIT-KIN 100k panel
S100K-SNP-SB06-002674337-G-A	Sbv3.1_06_02674337R	Sorghum Aphid Tolerance	SNP	6	2674337	2674337	G	A	3	Marla/KSU	MAR-KSU	STRAIT-KIN 100k panel
S100K-SNP-SB06-002682627-NA-NA	SCAR_Chr6_1	Sugarcane aphid resist.	SNP	6	2682627	2682627	-	-	3	EIB/AgriPlex	EIB-AGR	EIB/AgriPlex
S100K-SNP-SB06-002892438-NA-NA	SCAR_Chr6_2	Sugarcane aphid resist.	SNP	6	2892438	2892438	-	-	3	EIB/AgriPlex	EIB-AGR	EIB/AgriPlex
S100K-SNP-SB06-002892438-C-T	Sbv3.1_06_02892438R	Sorghum Aphid Tolerance	SNP	6	2892438	2892438	C (G)	T (A)	3	Marla/KSU	MAR-KSU	STRAIT-KIN 100k panel
S100K-SNP-SB06-040168243-T-C	SNP_6_40,168,243	Starch	SNP	6	40168243	40168243	T	C	3	Yerka/YJ	YER-YJ	GWAS (P=4.21e-06)
S100K-SNP-SB06-040306243-G-NA	Sbv3.1_06_40306243I	Maturity	SNP	6	40306243	40306243	G	-	3	Marla/KSU	MAR-KSU	STRAIT-KIN 100k panel
S100K-SNP-SB06-040312172-T-A	Sbv3.1_06_40312172W	Maturity	SNP	6	40312172	40312172	T	A	3	Marla/KSU	MAR-KSU	STRAIT-KIN 100k panel
S100K-SNP-SB06-040312440-NA-A	Sbv3.1_06_40312440I	Maturity	SNP	6	40312440	40312440	-	A	3	Marla/KSU	MAR-KSU	STRAIT-KIN 100k panel
S100K-SNP-SB06-040312440-NA-T	Sbv3.1_06_40312440T	Maturity	SNP	6	40312440	40312440	-	T	3	Marla/KSU	MAR-KSU	STRAIT-KIN 100k panel
S100K-SNP-SB06-040312464-G-T	Sbv3.1_06_40312464K	Maturity	SNP	6	40312464	40312464	G	T	3	Marla/KSU	MAR-KSU	STRAIT-KIN 100k panel
S100K-SNP-SB06-040312464-C-A	Sbv3.1_06_40312464M	Maturity	SNP	6	40312464	40312464	C	A	3	Marla/KSU	MAR-KSU	STRAIT-KIN 100k panel
S100K-SNP-SB06-040314508-C-T	Sbv3.1_06_40314508Y	Maturity	SNP	6	40314508	40314508	C	T	3	Marla/KSU	MAR-KSU	STRAIT-KIN 100k panel
S100K-SNP-SB06-040315320-C-T	Sbv3.1_06_40315320Y	Maturity	SNP	6	40315320	40315320	C	T	3	Marla/KSU	MAR-KSU	STRAIT-KIN 100k panel
S100K-SNP-SB06-040315548-T-C	Sbv3.1_06_40315548Y	Maturity	SNP	6	40315548	40315548	T	C	3	Marla/KSU	MAR-KSU	STRAIT-KIN 100k panel
S100K-SNP-SB06-042806045-GA-NA	Sbv3.1_06_42806045I	Height	SNP	6	42806045	42806045	GA	-	3	Marla/KSU	MAR-KSU	STRAIT-KIN 100k panel
S100K-SNP-SB06-049278472-G-T	DArT_Chr6_49278472	Drought tolerance	SNP	6	49278472	49278472	G	T	4	Odeny/ICRISAT	ODE-ICR	DArT-seq
S100K-SNP-SB06-050201989-C-G	DArT_Chr6_50201989	Drought tolerance	SNP	6	50201989	50201989	C	G	4	Odeny/ICRISAT	ODE-ICR	DArT-seq
S100K-SNP-SB06-050424601-NA-NA	qSDAb6.3 (S6_50424601)	Water-use efficiency	SNP	6	50424601	50424601	-	-	2	Saini/TTU	SAI-TTU	GWAS
S100K-SNP-SB06-051978249-A-C	Sobic.006G162000	Leaf-to-stem ratio	SNP	6	51978249	51978249	A	C	4	Behera/AAU	BEH-AAU	GWAS
S100K-SNP-SB06-054417370-NA-NA	Sobic.006G190000	Striga resistance	SNP	6	54417370	54417370	-	-	3	Odeny/ICRISAT	ODE-ICR	GWAS (Striga)
S100K-SNP-SB06-054995680-A-G	S6_54995680	Anthracnose resistance	SNP	6	54995680	54995680	A	G	3	Cuevas/USDA	CUE-USDA	GWAS
S100K-SNP-SB06-055264321-G-A	S6_55264321	Anthracnose resistance	SNP	6	55264321	55264321	G	A	3	Cuevas/USDA	CUE-USDA	GWAS
S100K-SNP-SB06-055437457-G-A	S6_55437457	Anthracnose resistance	SNP	6	55437457	55437457	G	A	3	Cuevas/USDA	CUE-USDA	GWAS
S100K-SNP-SB06-055585366-G-C	S6_55585366	Anthracnose resistance	SNP	6	55585366	55585366	G	C	3	Cuevas/USDA	CUE-USDA	GWAS
S100K-SNP-SB06-055652695-T-A	S6_55652695	Anthracnose resistance	SNP	6	55652695	55652695	T	A	3	Cuevas/USDA	CUE-USDA	GWAS
S100K-SNP-SB06-055743848-A-C	S6_55743848	Anthracnose resistance	SNP	6	55743848	55743848	A	C	3	Cuevas/USDA	CUE-USDA	GWAS
S100K-SNP-SB06-056865793-T-A	S6_56865793	Anthracnose resistance	SNP	6	56865793	56865793	T	A	3	Cuevas/USDA	CUE-USDA	GWAS
S100K-SNP-SB06-056925752-A-G	S6_56925752	Anthracnose resistance	SNP	6	56925752	56925752	A	G	3	Cuevas/USDA	CUE-USDA	GWAS
S100K-SNP-SB06-057826860-G-A	DArT_Chr6_57826860	Drought tolerance	SNP	6	57826860	57826860	G	A	4	Odeny/ICRISAT	ODE-ICR	DArT-seq
S100K-SNP-SB06-058470090-A-T	S6_58470090	Anthracnose resistance	SNP	6	58470090	58470090	A	T	3	Cuevas/USDA	CUE-USDA	GWAS
S100K-SNP-SB07-000413066-NA-NA	Sobic.007G004500	Striga resistance	SNP	7	413066	413066	-	-	3	Odeny/ICRISAT	ODE-ICR	GWAS (Striga)
S100K-SNP-SB07-004723997-G-A	Sbv3.1_07_04723997R	Brown midrib	SNP	7	4723997	4723997	G	A	3	Marla/KSU	MAR-KSU	STRAIT-KIN 100k panel
S100K-SNP-SB07-007777464-NA-NA	Sobic.007G070000	Striga resistance	SNP	7	7777464	7777464	-	-	3	Odeny/ICRISAT	ODE-ICR	GWAS (Striga)
S100K-SNP-SB07-022817458-G-C	SNP_7_22,817,458	Amylose	SNP	7	22817458	22817458	G	C	3	Yerka/YJ	YER-YJ	GWAS (P=3.08e-07)
S100K-SNP-SB07-059651093-C-T	Sbv3.1_07_59651093Y	Height	SNP	7	59651093	59651093	C	T	3	Marla/KSU	MAR-KSU	STRAIT-KIN 100k panel
S100K-SNP-SB07-059742600-C-T	Sbv3.1_07_59742600Y	Height	SNP	7	59742600	59742600	C	T	3	Marla/KSU	MAR-KSU	STRAIT-KIN 100k panel
S100K-SNP-SB07-059821995-A-G	Sbv3.1_07_59821995R	Height	SNP	7	59821995	59821995	A	G	3	Marla/KSU	MAR-KSU	STRAIT-KIN 100k panel
S100K-SNP-SB07-059822894-CCGCTG-NA	Sbv3.1_07_59822894L	Height	SNP	7	59822894	59822894	CCGCTG	-	3	Marla/KSU	MAR-KSU	STRAIT-KIN 100k panel
S100K-SNP-SB07-060018674-C-CA	Sbv3.1_07_60018674I	Height	SNP	7	60018674	60018674	C	CA	3	Marla/KSU	MAR-KSU	STRAIT-KIN 100k panel
S100K-SNP-SB07-065446622-C-T	SNP_7_65,446,622	Protein	SNP	7	65446622	65446622	C	T	3	Yerka/YJ	YER-YJ	GWAS (P=2.79e-07)
S100K-SNP-SB08-000219648-T-C	S8_219648	Anthracnose resistance	SNP	8	219648	219648	T	C	3	Cuevas/USDA	CUE-USDA	GWAS
S100K-SNP-SB08-000412290-C-T	S8_412290	Anthracnose resistance	SNP	8	412290	412290	C	T	3	Cuevas/USDA	CUE-USDA	GWAS
S100K-SNP-SB08-000585349-G-A	S8_585349	Anthracnose resistance	SNP	8	585349	585349	G	A	3	Cuevas/USDA	CUE-USDA	GWAS
S100K-SNP-SB08-000653850-NA-NA	Rf_Chr8_1	Partial fertility rest.	SNP	8	653850	653850	-	-	4	EIB/AgriPlex	EIB-AGR	EIB/AgriPlex
S100K-SNP-SB08-000860011-A-G	S8_860011	Anthracnose resistance	SNP	8	860011	860011	A	G	3	Cuevas/USDA	CUE-USDA	GWAS
S100K-SNP-SB08-001234813-T-G	S8_1234813	Anthracnose resistance	SNP	8	1234813	1234813	T	G	3	Cuevas/USDA	CUE-USDA	GWAS
S100K-SNP-SB08-021640429-T-A	SNP_8_21,640,429	Lysine	SNP	8	21640429	21640429	T	A	3	Yerka/YJ	YER-YJ	GWAS (P=3.45e-12)
S100K-SNP-SB08-054998738-A-C	DArT_Chr8_54998738	Drought tolerance	SNP	8	54998738	54998738	A	C	4	Odeny/ICRISAT	ODE-ICR	DArT-seq
S100K-SNP-SB08-059030046-G-T	S8_59030046	Rust resistance	SNP	8	59030046	59030046	G	T	3	Cuevas/USDA	CUE-USDA	GWAS
S100K-SNP-SB08-059331815-G-A	Sobic.008G159901	Leaf width	SNP	8	59331815	59331815	G	A	3	Behera/AAU	BEH-AAU	GWAS
S100K-SNP-SB08-060934182-NA-NA	Rf_Chr8_2	Partial fertility rest.	SNP	8	60934182	60934182	-	-	4	EIB/AgriPlex	EIB-AGR	EIB/AgriPlex
S100K-SNP-SB08-061201912-C-G	S8_61201912	Rust resistance	SNP	8	61201912	61201912	C	G	3	Cuevas/USDA	CUE-USDA	GWAS
S100K-SNP-SB09-000200938-C-T	S9_200938	Anthracnose resistance	SNP	9	200938	200938	C	T	3	Cuevas/USDA	CUE-USDA	GWAS
S100K-SNP-SB09-000403153-C-T	S9_403153	Anthracnose resistance	SNP	9	403153	403153	C	T	3	Cuevas/USDA	CUE-USDA	GWAS
S100K-SNP-SB09-000475378-G-A	S9_475378	Anthracnose resistance	SNP	9	475378	475378	G	A	3	Cuevas/USDA	CUE-USDA	GWAS
S100K-SNP-SB09-000786078-T-C	DArT_Chr9_786078	Drought tolerance	SNP	9	786078	786078	T	C	4	Odeny/ICRISAT	ODE-ICR	DArT-seq
S100K-SNP-SB09-000804093-A-G	S9_804093	Anthracnose resistance	SNP	9	804093	804093	A	G	3	Cuevas/USDA	CUE-USDA	GWAS
S100K-SNP-SB09-001176145-T-G	S9_1176145	Anthracnose resistance	SNP	9	1176145	1176145	T	G	3	Cuevas/USDA	CUE-USDA	GWAS
S100K-SNP-SB09-004248350-NA-NA	Rf_Chr9_1	Fertility restoration	SNP	9	4248350	4248350	-	-	2	EIB/AgriPlex	EIB-AGR	EIB/AgriPlex
S100K-SNP-SB09-005732771-NA-NA	Sobic.009G056400	Striga resistance	SNP	9	5732771	5732771	-	-	3	Odeny/ICRISAT	ODE-ICR	GWAS (Striga)
S100K-SNP-SB09-007584728-C-T	SNP_9_7,584,728	Lysine	SNP	9	7584728	7584728	C	T	3	Yerka/YJ	YER-YJ	GWAS (P=4.36e-12)
S100K-SNP-SB09-046616891-NA-NA	Rf_Chr9_2	Fertility restoration	SNP	9	46616891	46616891	-	-	2	EIB/AgriPlex	EIB-AGR	EIB/AgriPlex
S100K-SNP-SB09-055133329-C-G	Sobic.009G201800	Stem girth	SNP	9	55133329	55133329	C	G	4	Behera/AAU	BEH-AAU	GWAS
S100K-SNP-SB09-056476343-C-G	Sbv3.1_09_56476343S	Early season chilling tolerance	SNP	9	56476343	56476343	C	G	3	Marla/KSU	MAR-KSU	STRAIT-KIN 100k panel
S100K-SNP-SB09-056534148-G-T	Sbv3.1_09_56534148K	Early season chilling tolerance	SNP	9	56534148	56534148	G	T	3	Marla/KSU	MAR-KSU	STRAIT-KIN 100k panel
S100K-SNP-SB09-056690188-G-A	Sbv3.1_09_56690188R	Early season chilling tolerance	SNP	9	56690188	56690188	G	A	3	Marla/KSU	MAR-KSU	STRAIT-KIN 100k panel
S100K-SNP-SB09-057040002-A-T	Sbv3.1_09_57040002W	Height	SNP	9	57040002	57040002	A	T	3	Marla/KSU	MAR-KSU	STRAIT-KIN 100k panel
S100K-SNP-SB09-057152424-T-C	Sbv3.1_09_57152424Y	Early season chilling tolerance	SNP	9	57152424	57152424	T	C	3	Marla/KSU	MAR-KSU	STRAIT-KIN 100k panel
S100K-SNP-SB09-057717763-T-G	Sbv3.1_09_57717763K	Sorghum Aphid Tolerance	SNP	9	57717763	57717763	T	G	3	Marla/KSU	MAR-KSU	STRAIT-KIN 100k panel
S100K-SNP-SB09-058864992-T-TTC	Sbv3.1_09_58864992I	Sorghum Aphid Tolerance	SNP	9	58864992	58864992	T	TTC	3	Marla/KSU	MAR-KSU	STRAIT-KIN 100k panel
S100K-SNP-SB10-001863441-G-T	Sbv3.1_10_1863441K	Waxy grain	SNP	10	1863441	1863441	G	T	3	Marla/KSU	MAR-KSU	STRAIT-KIN 100k panel
S100K-SNP-SB10-002576197-NA-NA	Sobic.010G032000	Striga resistance	SNP	10	2576197	2576197	-	-	3	Odeny/ICRISAT	ODE-ICR	GWAS (Striga)
S100K-SNP-SB10-003821956-NA-NA	Sobic.010G049100	Striga resistance	SNP	10	3821956	3821956	-	-	3	Odeny/ICRISAT	ODE-ICR	GWAS (Striga)
S100K-SNP-SB10-004831595-C-A	Sobic.010G061800	Number of nodes	SNP	10	4831595	4831595	C	A	4	Behera/AAU	BEH-AAU	GWAS
S100K-SNP-SB10-058031253-NA-NA	SFR_trich_Chr10_1	Shoot fly resistance	SNP	10	58031253	58031253	-	-	3	EIB/AgriPlex	EIB-AGR	EIB/AgriPlex
S100K-SNP-SB10-060919657-NA-NA	SFR_trich_Chr10_2	Shoot fly resistance	SNP	10	60919657	60919657	-	-	3	EIB/AgriPlex	EIB-AGR	EIB/AgriPlex
S100K-QTL-SB01-006356930-006358870	Sobic.001G082300	Stress response/lncRNA	QTL/Gene	1	6356930	6358870	-	-	3	Varma/SRM-IST	VAR-SRM	lncRNA (cis-reg)
S100K-QTL-SB01-006393580-006396117	Sobic.001G082700	Stress response	QTL/Gene	1	6393580	6396117	-	-	3	Varma/SRM-IST	VAR-SRM	lncRNA (cis-reg)
S100K-QTL-SB01-007887341-007889851	Sobic.001G102901	Stress response	QTL/Gene	1	7887341	7889851	-	-	3	Varma/SRM-IST	VAR-SRM	lncRNA (cis-reg)
S100K-QTL-SB01-060784896-060788922	Sobic.001G320000	Stress response	QTL/Gene	1	60784896	60788922	-	-	3	Varma/SRM-IST	VAR-SRM	lncRNA (cis-reg)
S100K-QTL-SB01-067540628-067541773	Sobic.001G388500	Stress response	QTL/Gene	1	67540628	67541773	-	-	3	Varma/SRM-IST	VAR-SRM	lncRNA (cis-reg)
S100K-QTL-SB01-006748036-006753421	Ma5/PhyC	Flowering time	QTL/Gene	1	6748036	6753421	-	SbphyC-1	3	Tuinstra/Purdue	TUI-PUR	Photoperiod
S100K-QTL-SB01-007623632-007625890	INV1	Sugar metabolism	QTL/Gene	1	7623632	7625890	-	-	2	Fattel/Clemson	FAT-CLE	Candidate gene
S100K-QTL-SB01-009570245-009571387	Tb1/SbTB1	Tiller/branch architecture	QTL/Gene	1	9570245	9571387	-	-	2	Saini/TTU	SAI-TTU	Cloned gene
S100K-QTL-SB01-012271177-012277291	Sh1/YABBY	Grain retention	QTL/Gene	1	12271177	12277291	-	-	2	Saini/TTU	SAI-TTU	Cloned gene
S100K-QTL-SB01-021855841-021871255	SbEhd1	Flowering time	QTL/Gene	1	21855841	21871255	-	-	2	Tadesse/USDA	TAD-USDA	Photoperiod pathway
S100K-QTL-SB01-028196913-028200621	SUT3	Sugar transport	QTL/Gene	1	28196913	28200621	-	-	2	Fattel/Clemson	FAT-CLE	Candidate gene
S100K-QTL-SB01-059989927-059995061	TST1	Sugar transport	QTL/Gene	1	59989927	59995061	-	-	2	Fattel/Clemson	FAT-CLE	Candidate gene
S100K-QTL-SB01-065248714-065251356	Sobic.001G363200	Drought tolerance	QTL/Gene	1	65248714	65251356	-	-	3	Odeny/ICRISAT	ODE-ICR	Pan-genome GWAS (GLA)
S100K-QTL-SB01-068034103-068043358	Ma3/PhyB	Flowering time	QTL/Gene	1	68034103	68043358	-	Multiple	3	Tuinstra/Purdue	TUI-PUR	Photoperiod
S100K-QTL-SB01-075891908-075897861	SUT1	Sugar transport	QTL/Gene	1	75891908	75897861	-	-	2	Fattel/Clemson	FAT-CLE	Candidate gene
S100K-QTL-SB02-002042233-002043595	Sobic.002G022500	Biomass/plant height	QTL/Gene	2	2042233	2043595	-	-	3	Odeny/ICRISAT	ODE-ICR	Pan-genome GWAS (DBM/PH)
S100K-QTL-SB02-002500000-011400000	Panicle neck diameter QTL	Source-sink balance	QTL/Gene	2	2500000	11400000	-	-	2	Saini/TTU	SAI-TTU	QTL mapping
S100K-QTL-SB02-007975937-007985221	Tan2	Grain quality	QTL/Gene	2	7975937	7985221	C	T	3	Tuinstra/Purdue	TUI-PUR	tan2-d recessive
S100K-QTL-SB02-002240519-002243221	Sobic.002G024000	Drought response	QTL/Gene	2	2240519	2243221	-	-	3	Varma/SRM-IST	VAR-SRM	lncRNA (trans-reg)
S100K-QTL-SB02-002240519-002243221-02	Sobic.002G024000	Drought response	QTL/Gene	2	2240519	2243221	-	-	3	Varma/SRM-IST	VAR-SRM	lncRNA (cis-reg)
S100K-QTL-SB02-004021751-004022807	Sobic.002G042100	Stress response	QTL/Gene	2	4021751	4022807	-	-	3	Varma/SRM-IST	VAR-SRM	lncRNA (cis-reg)
S100K-QTL-SB02-003944279-003945265	Sobic.002G040900	Stress response/lncRNA	QTL/Gene	2	3944279	3945265	-	-	3	Varma/SRM-IST	VAR-SRM	lncRNA (cis-reg)
S100K-QTL-SB02-060659172-060660601	Sobic.002G214300	Trans-regulation/stress	QTL/Gene	2	60659172	60660601	-	-	3	Varma/SRM-IST	VAR-SRM	lncRNA (trans-reg)
S100K-QTL-SB02-064506109-064508835	Sobic.002G259600	Stress response/lncRNA	QTL/Gene	2	64506109	64508835	-	-	3	Varma/SRM-IST	VAR-SRM	lncRNA (cis-reg)
S100K-QTL-SB02-066476663-066477596	Sobic.002G283800	Stress response/lncRNA	QTL/Gene	2	66476663	66477596	-	-	3	Varma/SRM-IST	VAR-SRM	lncRNA (cis-reg)
S100K-QTL-SB02-066529282-066529995	Sobic.002G284701	Stress response/lncRNA	QTL/Gene	2	66529282	66529995	-	-	3	Varma/SRM-IST	VAR-SRM	lncRNA (cis-reg)
S100K-QTL-SB02-066560039-066560470	Sobic.002G285800	Stress response	QTL/Gene	2	66560039	66560470	-	-	3	Varma/SRM-IST	VAR-SRM	lncRNA (cis-reg)
S100K-QTL-SB02-069697582-069698880	Sobic.002G327100	Stress response/lncRNA	QTL/Gene	2	69697582	69698880	-	-	3	Varma/SRM-IST	VAR-SRM	lncRNA (cis-reg)
S100K-QTL-SB02-069697582-069698880-02	Sobic.002G327100	Stress response/lncRNA	QTL/Gene	2	69697582	69698880	-	-	3	Varma/SRM-IST	VAR-SRM	lncRNA (cis-reg)
S100K-QTL-SB02-069704345-069706669	Sobic.002G327400	Stress response	QTL/Gene	2	69704345	69706669	-	-	3	Varma/SRM-IST	VAR-SRM	lncRNA (cis-reg)
S100K-QTL-SB02-071085142-071095763	Sobic.002G344600	Stress response	QTL/Gene	2	71085142	71095763	-	-	3	Varma/SRM-IST	VAR-SRM	lncRNA (cis-reg)
S100K-QTL-TUI-PUR-0213	Stg3	Drought tolerance	QTL/Gene	2			-	-	2	Tuinstra/Purdue	TUI-PUR	QTL mapping
S100K-QTL-SB02-067882606-067888127	Ma2	Flowering time	QTL/Gene	2	67882606	67888127	-	Leu141Ter	3	Tuinstra/Purdue	TUI-PUR	Photoperiod
S100K-QTL-SB02-068569338-068574778	SbSBP4	Flowering time	QTL/Gene	2	68569338	68574778	-	-	3	Tuinstra/Purdue	TUI-PUR	TWAS
S100K-QTL-SB02-068577682-068579637	SbSBP19	Flowering time	QTL/Gene	2	68577682	68579637	-	-	2	Tuinstra/Purdue	TUI-PUR	TWAS
S100K-QTL-SB02-072142948-072144625	BHLH_tf_1	BNI (root hair)	QTL/Gene	2	72142948	72144625	-	-	4	Tuinstra/Purdue	TUI-PUR	Candidate gene
S100K-QTL-SB03-068026375-068029439	Sobic.003G362800	Drought response	QTL/Gene	3	68026375	68029439	-	-	3	Varma/SRM-IST	VAR-SRM	lncRNA (trans-reg)
S100K-QTL-SB03-073013858-073015106	Sobic.003G426000	Stress response/lncRNA	QTL/Gene	3	73013858	73015106	-	-	3	Varma/SRM-IST	VAR-SRM	lncRNA (cis-reg)
S100K-QTL-SB03-038767449-038813112	Sobic.003G173400	Biomass/plant height	QTL/Gene	3	38767449	38813112	-	-	3	Odeny/ICRISAT	ODE-ICR	Pan-genome GWAS (DBM/PH)
S100K-QTL-SB03-045631816-054974726	QTL-Sb.RKN.3.1	RKN resistance	QTL/Gene	3	45631816	54974726	-	-	1	Harris/USDA	HAR-USDA	QTL mapping
S100K-QTL-TUI-PUR-0222	Stg1	Drought tolerance	QTL/Gene	3			-	-	2	Tuinstra/Purdue	TUI-PUR	QTL mapping
S100K-QTL-TUI-PUR-0223	Stg2	Drought tolerance	QTL/Gene	3			-	-	2	Tuinstra/Purdue	TUI-PUR	QTL mapping
S100K-QTL-SB03-062748000-062749642	SbFT8 (FL-T)	Flowering time	QTL/Gene	3	62748000	62749642	-	-	2	Tadesse/USDA	TAD-USDA	Photoperiod pathway
S100K-QTL-SB03-064556019-068255519	QTL-Sb.Ht3.2	Plant height	QTL/Gene	3	64556019	68255519	-	-	3	Harris/USDA	HAR-USDA	QTL mapping
S100K-QTL-SB03-071104827-071108073	AltSB/SbMATE	Aluminum tolerance	QTL/Gene	3	71104827	71108073	-	-	2	Saini/TTU	SAI-TTU	QTL mapping
S100K-QTL-SB03-071114880-071120454	SPS1	Sugar synthesis	QTL/Gene	3	71114880	71120454	-	-	2	Fattel/Clemson	FAT-CLE	Candidate gene
S100K-QTL-SB03-073971233-073974698	INV2	Sugar metabolism	QTL/Gene	3	73971233	73974698	-	-	2	Fattel/Clemson	FAT-CLE	Candidate gene
S100K-QTL-SB04-000418239-000423162	INV3	Sugar metabolism	QTL/Gene	4	418239	423162	-	-	2	Fattel/Clemson	FAT-CLE	Candidate gene
S100K-QTL-SB04-005572016-005578763	SPS2	Sugar synthesis	QTL/Gene	4	5572016	5578763	-	-	2	Fattel/Clemson	FAT-CLE	Candidate gene
S100K-QTL-SB04-005728604-005734362	bmr6/CAD	Stover digestibility	QTL/Gene	4	5728604	5734362	-	-	2	Saini/TTU	SAI-TTU	Cloned gene
S100K-QTL-SB04-008829374-008834611	TST2	Sugar transport	QTL/Gene	4	8829374	8834611	-	-	2	Fattel/Clemson	FAT-CLE	Candidate gene
S100K-QTL-SB04-000793657-000795297	Sobic.004G009300	Stress response/lncRNA	QTL/Gene	4	793657	795297	-	-	3	Varma/SRM-IST	VAR-SRM	lncRNA (cis-reg)
S100K-QTL-SB04-063531196-063532671	Sobic.004G295500	Stress response	QTL/Gene	4	63531196	63532671	-	-	3	Varma/SRM-IST	VAR-SRM	lncRNA (trans-reg)
S100K-QTL-SB04-067823187-067827040	Sobic.004G349400	Drought response	QTL/Gene	4	67823187	67827040	-	-	3	Varma/SRM-IST	VAR-SRM	lncRNA (cis-reg)
S100K-QTL-SB04-068363434-068366731	Sobic.004G356400	Salt stress response	QTL/Gene	4	68363434	68366731	-	-	3	Varma/SRM-IST	VAR-SRM	lncRNA (cis-reg)
S100K-QTL-SB04-039976164-039978076	SbCyp71AM1	BNI (sorgoleone)	QTL/Gene	4	39976164	39978076	-	-	4	Tuinstra/Purdue	TUI-PUR	Candidate gene
S100K-QTL-SB04-051292092-051304326	SBEIIB (SbEMS2703)	Starch quality	QTL/Gene	4	51292092	51304326	C	T	2	Tuinstra/Purdue	TUI-PUR	EMS mutagenesis
S100K-QTL-SB04-051292092-051304326-02	SBEIIB (SbEMS3194)	Starch quality	QTL/Gene	4	51292092	51304326	C	T	2	Tuinstra/Purdue	TUI-PUR	EMS mutagenesis
S100K-QTL-SB04-051292092-051304326-03	SBEIIB (SbEMS3568)	Starch quality	QTL/Gene	4	51292092	51304326	G	A	2	Tuinstra/Purdue	TUI-PUR	EMS mutagenesis
S100K-QTL-SB04-054229192-054232507	SUT5	Sugar transport	QTL/Gene	4	54229192	54232507	-	-	2	Fattel/Clemson	FAT-CLE	Candidate gene
S100K-QTL-SB04-060583496-060585071	SbDES2	BNI (sorgoleone)	QTL/Gene	4	60583496	60585071	-	-	4	Tuinstra/Purdue	TUI-PUR	Candidate gene
S100K-QTL-SB04-062315396-062318779	Tan1/Tannin1	Grain quality	QTL/Gene	4	62315396	62318779	-	Multiple LOF	2	Tuinstra/Purdue	TUI-PUR	Cloned gene
S100K-QTL-SB04-064031808-064032785	VIT_dup	Sugar transport	QTL/Gene	4	64031808	64032785	-	-	2	Fattel/Clemson	FAT-CLE	Candidate gene
S100K-QTL-SB04-064036221-064037462	VIT	Sugar transport	QTL/Gene	4	64036221	64037462	-	-	2	Fattel/Clemson	FAT-CLE	Candidate gene
S100K-QTL-SB04-067950298-067955228	Sobic.004G350800	Biomass/plant height	QTL/Gene	4	67950298	67955228	-	-	3	Odeny/ICRISAT	ODE-ICR	Pan-genome GWAS (DBM/PH)
S100K-QTL-SB04-068169079-068173814	SUT2	Sugar transport	QTL/Gene	4	68169079	68173814	-	-	2	Fattel/Clemson	FAT-CLE	Candidate gene
S100K-QTL-SB05-000207068-000209446	SbDES3	BNI (sorgoleone)	QTL/Gene	5	207068	209446	-	-	4	Tuinstra/Purdue	TUI-PUR	Candidate gene
S100K-QTL-SB05-005170367-005790187	QTL-Sb.RKN.5.1	RKN resistance	QTL/Gene	5	5170367	5790187	-	-	1	Harris/USDA	HAR-USDA	QTL mapping
S100K-QTL-SB05-008086049-008091371	Sobic.005G069800	Plant height	QTL/Gene	5	8086049	8091371	-	-	3	Odeny/ICRISAT	ODE-ICR	Pan-genome GWAS (PH/LSP)
S100K-QTL-SB05-012853199-012859672	SPS3	Sugar synthesis	QTL/Gene	5	12853199	12859672	-	-	2	Fattel/Clemson	FAT-CLE	Candidate gene
S100K-QTL-SB05-069086133-069097589	Sobic.005G205150	Salt stress response	QTL/Gene	5	69086133	69097589	-	-	3	Varma/SRM-IST	VAR-SRM	lncRNA (cis-reg)
S100K-QTL-SB05-061046852-061051916	SbFKF1	Flowering time	QTL/Gene	5	61046852	61051916	-	-	2	Tadesse/USDA	TAD-USDA	Photoperiod pathway
S100K-QTL-SB05-063964380-063965963	SbARS1_1	BNI (sorgoleone)	QTL/Gene	5	63964380	63965963	-	-	4	Tuinstra/Purdue	TUI-PUR	Candidate gene
S100K-QTL-SB05-063975291-063976997	SbARS1_2	BNI (sorgoleone)	QTL/Gene	5	63975291	63976997	-	-	4	Tuinstra/Purdue	TUI-PUR	Candidate gene
S100K-QTL-SB05-067373729-067374693	Kafirin_HDP	Protein quality	QTL/Gene	5	67373729	67374693	G	A	3	Tuinstra/Purdue	TUI-PUR	EMS mutagenesis
S100K-QTL-SB06-000697459-000700101	Ma6/Ghd7	Flowering time	QTL/Gene	6	697459	700101	-	-	3	Tuinstra/Purdue	TUI-PUR	Photoperiod
S100K-QTL-SB06-047968903-047970727	Sobic.006G111400	Stress response	QTL/Gene	6	47968903	47970727	-	-	3	Varma/SRM-IST	VAR-SRM	lncRNA (cis-reg)
S100K-QTL-SB06-056185793-056191223	Sobic.006G213300	Stress response	QTL/Gene	6	56185793	56191223	-	-	3	Varma/SRM-IST	VAR-SRM	lncRNA (cis-reg)
S100K-QTL-SB06-056716142-056717051	Sobic.006G219950	Stress response	QTL/Gene	6	56716142	56717051	-	-	3	Varma/SRM-IST	VAR-SRM	lncRNA (cis-reg)
S100K-QTL-SB06-056185793-056191223-02	Sobic.006G213300	Stress response	QTL/Gene	6	56185793	56191223	-	-	3	Varma/SRM-IST	VAR-SRM	lncRNA (cis-reg)
S100K-QTL-SB06-057235780-057237604	Sobic.006G227600	Stress response	QTL/Gene	6	57235780	57237604	-	-	3	Varma/SRM-IST	VAR-SRM	lncRNA (cis-reg)
S100K-QTL-SB06-057321104-057334693	Sobic.006G228833	Stress response	QTL/Gene	6	57321104	57334693	-	-	3	Varma/SRM-IST	VAR-SRM	lncRNA (cis-reg)
S100K-QTL-SB06-059286578-059287098	Sobic.006G255700	Stress response	QTL/Gene	6	59286578	59287098	-	-	3	Varma/SRM-IST	VAR-SRM	lncRNA (cis-reg)
S100K-QTL-SB06-040304883-040316799	Ma1/SbPRR37	Flowering time	QTL/Gene	6	40304883	40316799	-	2bp ins	1	Tuinstra/Purdue	TUI-PUR	Major QTL
S100K-QTL-SB06-042803037-042807520	Dw2	Plant height	QTL/Gene	6	42803037	42807520	-	Leu184IlefsTer8	3	Tuinstra/Purdue	TUI-PUR	Cloned gene
S100K-QTL-SB06-049275639-049280945	Sobic.006G127800	Plant height	QTL/Gene	6	49275639	49280945	-	-	3	Odeny/ICRISAT	ODE-ICR	Pan-genome GWAS (PH/LSP)
S100K-QTL-SB06-052290095-052292530	Dry/NAC	Stem pithiness	QTL/Gene	6	52290095	52292530	-	-	2	Saini/TTU	SAI-TTU	Cloned gene
S100K-QTL-SB06-059283344-059286521	INV4	Sugar metabolism	QTL/Gene	6	59283344	59286521	-	-	2	Fattel/Clemson	FAT-CLE	Candidate gene
S100K-QTL-SB07-000482848-000487703	qTB7.1 (DnaJ/Hsp40)	Chilling tolerance/biomass	QTL/Gene	7	482848	487703	-	-	3	Saini/TTU	SAI-TTU	GWAS
S100K-QTL-SB07-000489096-000494529	qTB7.2 (YTH-domain)	Chilling tolerance/biomass	QTL/Gene	7	489096	494529	-	-	3	Saini/TTU	SAI-TTU	GWAS
S100K-QTL-SB07-003482283-003491124	qRB7	Chilling tolerance/root biomass	QTL/Gene	7	3482283	3491124	-	-	3	Saini/TTU	SAI-TTU	GWAS
S100K-QTL-SB07-004708404-004712482	bmr12/COMT	Stover digestibility	QTL/Gene	7	4708404	4712482	-	-	2	Saini/TTU	SAI-TTU	Cloned gene
S100K-QTL-SB07-003730799-003733347	Sobic.007G038432	Stress response	QTL/Gene	7	3730799	3733347	-	-	3	Varma/SRM-IST	VAR-SRM	lncRNA (cis-reg)
S100K-QTL-SB07-061957923-061967775	Sobic.007G186700	Stress response	QTL/Gene	7	61957923	61967775	-	-	3	Varma/SRM-IST	VAR-SRM	lncRNA (cis-reg)
S100K-QTL-SB07-056463393-056469232	SbBr1	Semidwarfism	QTL/Gene	7	56463393	56469232	-	Splicing	3	Tuinstra/Purdue	TUI-PUR	Cloned gene
S100K-QTL-SB07-059821905-059829921	Dwarf3-sd3	Plant height	QTL/Gene	7	59821905	59829921	-	82bp del	2	Tuinstra/Purdue	TUI-PUR	Stable dwarf
S100K-QTL-SB07-059821905-059829921-02	Dwarf3-sd4	Plant height	QTL/Gene	7	59821905	59829921	-	6bp dup	2	Tuinstra/Purdue	TUI-PUR	Stable dwarf
S100K-QTL-SB07-059821905-059829921-03	Dwarf3-sd5	Plant height	QTL/Gene	7	59821905	59829921	-	15bp del	2	Tuinstra/Purdue	TUI-PUR	Stable dwarf
S100K-QTL-SB07-059821905-059829921-04	Dwarf3-ref	Plant height	QTL/Gene	7	59821905	59829921	-	882bp dup	4	Tuinstra/Purdue	TUI-PUR	Unstable dwarf
S100K-QTL-SB07-061379333-061382309	Sobic.007G180300	Drought tolerance	QTL/Gene	7	61379333	61382309	-	-	3	Odeny/ICRISAT	ODE-ICR	Pan-genome GWAS (GLA)
S100K-QTL-SB08-000613323-000615772	SbOMT3	BNI (sorgoleone)	QTL/Gene	8	613323	615772	-	-	4	Tuinstra/Purdue	TUI-PUR	Candidate gene
S100K-QTL-SB08-003476908-003478489	SbARS2	BNI (sorgoleone)	QTL/Gene	8	3476908	3478489	-	-	4	Tuinstra/Purdue	TUI-PUR	Candidate gene
S100K-QTL-SB08-058124661-058127849	BHLH_tf_2	BNI (root hair)	QTL/Gene	8	58124661	58127849	-	-	4	Tuinstra/Purdue	TUI-PUR	Candidate gene
S100K-QTL-SB08-062665983-062671469	SUT4	Sugar transport	QTL/Gene	8	62665983	62671469	-	-	2	Fattel/Clemson	FAT-CLE	Candidate gene
S100K-QTL-SB09-054961112-054964135	SbFT10 (FL-T)	Flowering time	QTL/Gene	9	54961112	54964135	-	-	2	Tadesse/USDA	TAD-USDA	Photoperiod pathway
S100K-QTL-SB09-057038653-057041166	Dw1/SbD1	Plant height	QTL/Gene	9	57038653	57041166	-	SNP pos 1350	2	Tuinstra/Purdue	TUI-PUR	Cloned gene
S100K-QTL-SB09-057279798-057292686	SPS4	Sugar synthesis	QTL/Gene	9	57279798	57292686	-	-	2	Fattel/Clemson	FAT-CLE	Candidate gene
S100K-QTL-SB09-059154421-059160877	SbELF3	Flowering time	QTL/Gene	9	59154421	59160877	-	-	2	Tadesse/USDA	TAD-USDA	Photoperiod pathway
S100K-QTL-SB10-001860965-001865278	Waxy/Wx	Starch quality (waxy)	QTL/Gene	10	1860965	1865278	-	Multiple LOF	2	Tuinstra/Purdue	TUI-PUR	Cloned gene
S100K-QTL-SB10-003500398-003501968	SbFT1 (FL-T)	Flowering time	QTL/Gene	10	3500398	3501968	-	-	2	Tadesse/USDA	TAD-USDA	Photoperiod pathway
S100K-QTL-SB10-008300126-008304244	SSIIA (SbEMS4308)	Starch quality	QTL/Gene	10	8300126	8304244	G	A	3	Tuinstra/Purdue	TUI-PUR	EMS mutagenesis
S100K-QTL-SB10-058320539-058323796	Sobic.010G241700	Stress response	QTL/Gene	10	58320539	58323796	-	-	3	Varma/SRM-IST	VAR-SRM	lncRNA (cis-reg)
S100K-QTL-SB10-058767418-058768653	Sobic.010G247700	Stress response/lncRNA	QTL/Gene	10	58767418	58768653	-	-	3	Varma/SRM-IST	VAR-SRM	lncRNA (cis-reg)
S100K-QTL-SB10-054737939-054750024	SPS5	Sugar synthesis	QTL/Gene	10	54737939	54750024	-	-	2	Fattel/Clemson	FAT-CLE	Candidate gene
S100K-QTL-SB10-057512083-057513537	Sobic.010G231900	Pest/disease resistance	QTL/Gene	10	57512083	57513537	-	-	3	Odeny/ICRISAT	ODE-ICR	Pan-genome GWAS (TL/TU/SFDH)
S100K-QTL-SB10-060687868-060695066	SBEI	Starch quality (ASV)	QTL/Gene	10	60687868	60695066	-	GWAS SNPs	2	Tuinstra/Purdue	TUI-PUR	Natural variation
S100K-QTL-SB10-060923801-060926597	TST3	Sugar transport	QTL/Gene	10	60923801	60926597	-	-	2	Fattel/Clemson	FAT-CLE	Candidate gene
S100K-QTL-SB02-001972122-001972933	Sobic.002G021300	Salt stress response	QTL/Gene	2	1972122	1972933	-	-	4	Varma/SRM-IST	VAR-SRM	lncRNA (cis-reg)
S100K-QTL-SB02-065723463-065725735	Sobic.002G274500	Drought response	QTL/Gene	2	65723463	65725735	-	-	4	Varma/SRM-IST	VAR-SRM	lncRNA (cis-reg)
S100K-NC-SB05-005657820	Sobic.005G055900	RKN resistance	No_coords	5	5657820		-	-	2	Harris/USDA	HAR-USDA	Candidate gene
S100K-QTL-SB04-000418239-000423162-02	Sobic.004G004800	Stress response	QTL/Gene	4	418239	423162	-	-	4	Varma/SRM-IST	VAR-SRM	lncRNA (cis-reg)
S100K-QTL-SB06-060282790-060288720	Sobic.006G270700	Drought response	QTL/Gene	6	60282790	60288720	-	-	4	Varma/SRM-IST	VAR-SRM	lncRNA (cis-reg)
S100K-NC-HAR-USDA-0304	BTx378_locus	RKN resistance	No_coords	-			-	-	3	Harris/USDA	HAR-USDA	Breeding
S100K-SNP-SB01-008066218-G-A	sbi318688	Days to flowering	SNP	1	8066218	8066218	G	A	3	Enyew/WSU	ENY-WSU	GWAS (GWAS)
S100K-SNP-SB01-022275540-G-T	sbi982537	Days to flowering	SNP	1	22275540	22275540	G	T	3	Enyew/WSU	ENY-WSU	GWAS (GWAS)
S100K-SNP-SB02-013293723-G-C	sbi4023260	Days to flowering	SNP	2	13293723	13293723	G	C	3	Enyew/WSU	ENY-WSU	GWAS (GWAS)
S100K-SNP-SB03-056322246-A-G	sbi10226120	Days to flowering	SNP	3	56322246	56322246	A	G	3	Enyew/WSU	ENY-WSU	GWAS (GWAS)
S100K-SNP-SB03-059472033-T-C	sbi10372954	Days to flowering	SNP	3	59472033	59472033	T	C	3	Enyew/WSU	ENY-WSU	GWAS (GWAS)
S100K-SNP-SB03-060811994-C-A	sbi10438246	Days to flowering	SNP	3	60811994	60811994	C	A	3	Enyew/WSU	ENY-WSU	GWAS (GWAS)
S100K-SNP-SB05-061608548-T-G	sbi17364528	Days to flowering	SNP	5	61608548	61608548	T	G	3	Enyew/WSU	ENY-WSU	GWAS (GWAS)
S100K-SNP-SB06-001001235-C-A	sbi17966906	Days to flowering	SNP	6	1001235	1001235	C	A	3	Enyew/WSU	ENY-WSU	GWAS (GWAS)
S100K-SNP-SB06-048682625-A-T	snp_sb001000704585	Days to flowering	SNP	6	48682625	48682625	A	T	3	Enyew/WSU	ENY-WSU	GWAS (GWAS)
S100K-SNP-SB07-039653062-A-G	snp_sb042060813825	Days to flowering	SNP	7	39653062	39653062	A	G	3	Enyew/WSU	ENY-WSU	GWAS (GWAS)
S100K-SNP-SB08-005242533-C-G	sbi24678469b	Days to flowering	SNP	8	5242533	5242533	C	G	3	Enyew/WSU	ENY-WSU	GWAS (GWAS)
S100K-SNP-SB10-009494280-G-T	sbi30754782	Days to flowering	SNP	10	9494280	9494280	G	T	3	Enyew/WSU	ENY-WSU	GWAS (GWAS)
S100K-SNP-SB01-001495213-C-T	sbi62970	Plant height	SNP	1	1495213	1495213	C	T	3	Enyew/WSU	ENY-WSU	GWAS (GWAS)
S100K-SNP-SB01-004778713-G-A	sbi194467	Plant height	SNP	1	4778713	4778713	G	A	3	Enyew/WSU	ENY-WSU	GWAS (GWAS)
S100K-SNP-SB03-010836535-C-T	sbi7769289	Plant height	SNP	3	10836535	10836535	C	T	3	Enyew/WSU	ENY-WSU	GWAS (GWAS)
S100K-SNP-SB03-013494213-A-G	sbi7901589	Plant height	SNP	3	13494213	13494213	A	G	3	Enyew/WSU	ENY-WSU	GWAS (GWAS)
S100K-SNP-SB04-054108806-C-T	sbi13732034a	Plant height	SNP	4	54108806	54108806	C	T	3	Enyew/WSU	ENY-WSU	GWAS (GWAS)
S100K-SNP-SB05-059844243-G-A	sbi17260778	Plant height	SNP	5	59844243	59844243	G	A	3	Enyew/WSU	ENY-WSU	GWAS (GWAS)
S100K-SNP-SB06-048007508-C-T	sbi20359577	Plant height	SNP	6	48007508	48007508	C	T	3	Enyew/WSU	ENY-WSU	GWAS (GWAS)
S100K-SNP-SB06-057704110-G-T	sbi20792384	Plant height	SNP	6	57704110	57704110	G	T	3	Enyew/WSU	ENY-WSU	GWAS (GWAS)
S100K-SNP-SB07-059997937-G-T	sbi24138103	Plant height	SNP	7	59997937	59997937	G	T	3	Enyew/WSU	ENY-WSU	GWAS (GWAS)
S100K-SNP-SB07-063300346-T-C	sbi24291993	Plant height	SNP	7	63300346	63300346	T	C	3	Enyew/WSU	ENY-WSU	GWAS (GWAS)
S100K-SNP-SB08-005053406-G-A	sbi24668980	Plant height	SNP	8	5053406	5053406	G	A	3	Enyew/WSU	ENY-WSU	GWAS (GWAS)
S100K-SNP-SB09-056601353-C-G	sbi30188088	Plant height	SNP	9	56601353	56601353	C	G	3	Enyew/WSU	ENY-WSU	GWAS (GWAS)
S100K-SNP-SB10-005270775-C-T	sbi30546176	Plant height	SNP	10	5270775	5270775	C	T	3	Enyew/WSU	ENY-WSU	GWAS (GWAS)
S100K-SNP-SB10-007303004-A-G	sbi30645260	Plant height	SNP	10	7303004	7303004	A	G	3	Enyew/WSU	ENY-WSU	GWAS (GWAS)
S100K-SNP-SB01-078277352-C-T	sbi3208134	Panicle length	SNP	1	78277352	78277352	C	T	3	Enyew/WSU	ENY-WSU	GWAS (GWAS)
S100K-SNP-SB03-001905405-G-A	sbi7353016	Panicle length	SNP	3	1905405	1905405	G	A	3	Enyew/WSU	ENY-WSU	GWAS (GWAS)
S100K-SNP-SB03-009057564-A-G	sbi7686697	Panicle length	SNP	3	9057564	9057564	A	G	3	Enyew/WSU	ENY-WSU	GWAS (GWAS)
S100K-SNP-SB07-008646573-A-G	sbi21359653	Panicle length	SNP	7	8646573	8646573	A	G	3	Enyew/WSU	ENY-WSU	GWAS (GWAS)
S100K-SNP-SB08-005242533-C-G-02	sbi24678469b	Panicle length	SNP	8	5242533	5242533	C	G	3	Enyew/WSU	ENY-WSU	GWAS (GWAS)
S100K-SNP-SB09-054963433-T-A	sbi30118348	Panicle length	SNP	9	54963433	54963433	T	A	3	Enyew/WSU	ENY-WSU	GWAS (GWAS)
S100K-SNP-SB09-056240567-A-T	sbi30169733	Panicle length	SNP	9	56240567	56240567	A	T	3	Enyew/WSU	ENY-WSU	GWAS (GWAS)
S100K-SNP-SB01-052905292-G-T	sbi2029574	Panicle width	SNP	1	52905292	52905292	G	T	3	Enyew/WSU	ENY-WSU	GWAS (GWAS)
S100K-SNP-SB01-059685990-A-T	sbi2393610	Panicle width	SNP	1	59685990	59685990	A	T	3	Enyew/WSU	ENY-WSU	GWAS (GWAS)
S100K-SNP-SB01-073774042-T-C	sbi3026667	Panicle width	SNP	1	73774042	73774042	T	C	3	Enyew/WSU	ENY-WSU	GWAS (GWAS)
S100K-SNP-SB02-006615133-A-T	sbi3655489	Panicle width	SNP	2	6615133	6615133	A	T	3	Enyew/WSU	ENY-WSU	GWAS (GWAS)
S100K-SNP-SB02-059698705-G-T	sbi6496334	Panicle width	SNP	2	59698705	59698705	G	T	3	Enyew/WSU	ENY-WSU	GWAS (GWAS)
S100K-SNP-SB03-016868775-C-G	sbi8085609	Panicle width	SNP	3	16868775	16868775	C	G	3	Enyew/WSU	ENY-WSU	GWAS (GWAS)
S100K-SNP-SB03-055078201-T-C	sbi10162413	Panicle width	SNP	3	55078201	55078201	T	C	3	Enyew/WSU	ENY-WSU	GWAS (GWAS)
S100K-SNP-SB03-070604368-T-C	sbi10836055	Panicle width	SNP	3	70604368	70604368	T	C	3	Enyew/WSU	ENY-WSU	GWAS (GWAS)
S100K-SNP-SB05-061061450-G-C	sbi17331791	Panicle width	SNP	5	61061450	61061450	G	C	3	Enyew/WSU	ENY-WSU	GWAS (GWAS)
S100K-SNP-SB06-057341190-A-G	sbi20777395	Panicle width	SNP	6	57341190	57341190	A	G	3	Enyew/WSU	ENY-WSU	GWAS (GWAS)
S100K-SNP-SB08-001016470-G-T	sbi24445033	Panicle width	SNP	8	1016470	1016470	G	T	3	Enyew/WSU	ENY-WSU	GWAS (GWAS)
S100K-SNP-SB04-054108806-C-T-02	sbi13732034a	Panicle weight	SNP	4	54108806	54108806	C	T	3	Enyew/WSU	ENY-WSU	GWAS (GWAS)
S100K-SNP-SB05-067739573-T-C	sbi17687423	Panicle weight	SNP	5	67739573	67739573	T	C	3	Enyew/WSU	ENY-WSU	GWAS (GWAS)
S100K-SNP-SB07-002945057-A-G	sbi21079990	Panicle weight	SNP	7	2945057	2945057	A	G	3	Enyew/WSU	ENY-WSU	GWAS (GWAS)
S100K-SNP-SB07-006671420-T-C	sbi21265823	Panicle weight	SNP	7	6671420	6671420	T	C	3	Enyew/WSU	ENY-WSU	GWAS (GWAS)
S100K-SNP-SB10-006047480-C-G	sbi30583046c	Panicle weight	SNP	10	6047480	6047480	C	G	3	Enyew/WSU	ENY-WSU	GWAS (GWAS)
S100K-SNP-SB01-000080269-T-C	sbi3833	Grain yield	SNP	1	80269	80269	T	C	3	Enyew/WSU	ENY-WSU	GWAS (GWAS)
S100K-SNP-SB05-067092426-G-C	sbi17653919	Grain yield	SNP	5	67092426	67092426	G	C	3	Enyew/WSU	ENY-WSU	GWAS (GWAS)
S100K-SNP-SB05-069674648-G-A	sbi17789352	Grain yield	SNP	5	69674648	69674648	G	A	3	Enyew/WSU	ENY-WSU	GWAS (GWAS)
S100K-SNP-SB10-005151950-A-G	snp_sb001001045636	Grain yield	SNP	10	5151950	5151950	A	G	3	Enyew/WSU	ENY-WSU	GWAS (GWAS)
S100K-SNP-SB10-006047480-C-G-02	sbi30583046c	Grain yield	SNP	10	6047480	6047480	C	G	3	Enyew/WSU	ENY-WSU	GWAS (GWAS)
S100K-SNP-SB03-011053605-A-G	sbi7781202	Nodal root angle	SNP	3	11053605	11053605	A	G	3	Enyew/WSU	ENY-WSU	GWAS (GWAS)
S100K-SNP-SB06-047614312-G-T	sbi20340807	Nodal root angle	SNP	6	47614312	47614312	G	T	3	Enyew/WSU	ENY-WSU	GWAS (GWAS)
S100K-SNP-SB07-062580069-G-C	sbi24257982	Nodal root angle	SNP	7	62580069	62580069	G	C	3	Enyew/WSU	ENY-WSU	GWAS (GWAS)
S100K-SNP-SB01-071747223-C-A	sbi2946469	Nodal root angle	SNP	1	71747223	71747223	C	A	3	Enyew/WSU	ENY-WSU	GWAS (GWAS)
S100K-SNP-SB01-073690076-G-A	sbi3022983	Nodal root angle	SNP	1	73690076	73690076	G	A	3	Enyew/WSU	ENY-WSU	GWAS (GWAS)
S100K-SNP-SB09-045256800-C-G	sbi29649877	Number of nodal roots	SNP	9	45256800	45256800	C	G	3	Enyew/WSU	ENY-WSU	GWAS (GWAS)
S100K-SNP-SB09-051147626-C-T	sbi29954292	Number of nodal roots	SNP	9	51147626	51147626	C	T	3	Enyew/WSU	ENY-WSU	GWAS (GWAS)
S100K-SNP-SB09-050101376-T-G	sbi29897704	Nodal root length	SNP	9	50101376	50101376	T	G	3	Enyew/WSU	ENY-WSU	GWAS (GWAS)
S100K-SNP-SB09-050893174-G-C	sbi29939092	Nodal root length	SNP	9	50893174	50893174	G	C	3	Enyew/WSU	ENY-WSU	GWAS (GWAS)
S100K-SNP-SB02-006203646-A-G	sbi3632542	Fresh shoot weight	SNP	2	6203646	6203646	A	G	3	Enyew/WSU	ENY-WSU	GWAS (GWAS)
S100K-SNP-SB09-050101247-C-T	sbi29897694	Fresh shoot weight	SNP	9	50101247	50101247	C	T	3	Enyew/WSU	ENY-WSU	GWAS (GWAS)
S100K-SNP-SB09-053885817-C-T	sbi30071808	Fresh shoot weight	SNP	9	53885817	53885817	C	T	3	Enyew/WSU	ENY-WSU	GWAS (GWAS)
S100K-SNP-SB06-058860779-G-A	sbi20839691	Fresh shoot weight	SNP	6	58860779	58860779	G	A	3	Enyew/WSU	ENY-WSU	GWAS (GWAS)
S100K-SNP-SB08-005053406-G-A-02	sbi24668980	Dry shoot weight	SNP	8	5053406	5053406	G	A	3	Enyew/WSU	ENY-WSU	GWAS (GWAS)
S100K-SNP-SB02-006203646-A-G-02	sbi3632542	Dry shoot weight	SNP	2	6203646	6203646	A	G	3	Enyew/WSU	ENY-WSU	GWAS (GWAS)
S100K-SNP-SB09-050892152-C-T	sbi29939008	Dry shoot weight	SNP	9	50892152	50892152	C	T	3	Enyew/WSU	ENY-WSU	GWAS (GWAS)
S100K-SNP-SB10-051473805-T-C	sbi32853830	Leaf area	SNP	10	51473805	51473805	T	C	3	Enyew/WSU	ENY-WSU	GWAS (GWAS)
S100K-SNP-SB06-004719375-T-A	snp_sb001000600993	Loci under selection in divesity study	SNP	6	4719375	4719375	T	A	3	Enyew/WSU	ENY-WSU	GWAS (Gentic diversity of sorghum using SNP markers)
S100K-SNP-SB06-030979222-G-A	snp_sb001000665443	Loci under selection in divesity study	SNP	6	30979222	30979222	G	A	3	Enyew/WSU	ENY-WSU	GWAS (Gentic diversity of sorghum using SNP markers)
S100K-SNP-SB01-067217203-T-C	snp_sb042060260697	Loci under selection in divesity study	SNP	1	67217203	67217203	T	C	3	Enyew/WSU	ENY-WSU	GWAS (Gentic diversity of sorghum using SNP markers)
S100K-SNP-SB05-061927575-C-T	snp_sb042060594735	Loci under selection in divesity study	SNP	5	61927575	61927575	C	T	3	Enyew/WSU	ENY-WSU	GWAS (Gentic diversity of sorghum using SNP markers)
S100K-SNP-SB07-005101345-A-G	snp_sb042060764024	Loci under selection in divesity study	SNP	7	5101345	5101345	A	G	3	Enyew/WSU	ENY-WSU	GWAS (Gentic diversity of sorghum using SNP markers)
S100K-SNP-SB07-054216799-C-A	snp_sb042060834108	Loci under selection in divesity study	SNP	7	54216799	54216799	C	A	3	Enyew/WSU	ENY-WSU	GWAS (Gentic diversity of sorghum using SNP markers)
S100K-SNP-SB07-054578827-G-C	snp_sb042060834531	Loci under selection in divesity study	SNP	7	54578827	54578827	G	C	3	Enyew/WSU	ENY-WSU	GWAS (Gentic diversity of sorghum using SNP markers)
S100K-SNP-SB07-065318268-C-G	snp_sb042060855091	Loci under selection in divesity study	SNP	7	65318268	65318268	C	G	3	Enyew/WSU	ENY-WSU	GWAS (Gentic diversity of sorghum using SNP markers)
S100K-SNP-SB07-065355302-A-C	snp_sb042060855137	Loci under selection in divesity study	SNP	7	65355302	65355302	A	C	3	Enyew/WSU	ENY-WSU	GWAS (Gentic diversity of sorghum using SNP markers)
S100K-SNP-SB07-065357757-T-C	snp_sb042060855138	Loci under selection in divesity study	SNP	7	65357757	65357757	T	C	3	Enyew/WSU	ENY-WSU	GWAS (Gentic diversity of sorghum using SNP markers)
S100K-SNP-SB07-065431483-C-T	snp_sb042060855361	Loci under selection in divesity study	SNP	7	65431483	65431483	C	T	3	Enyew/WSU	ENY-WSU	GWAS (Gentic diversity of sorghum using SNP markers)
S100K-SNP-SB09-052527630-C-T	snp_sb042061021321	Loci under selection in divesity study	SNP	9	52527630	52527630	C	T	3	Enyew/WSU	ENY-WSU	GWAS (Gentic diversity of sorghum using SNP markers)
S100K-SNP-SB09-053254749-T-A	snp_sb042061023058	Loci under selection in divesity study	SNP	9	53254749	53254749	T	A	3	Enyew/WSU	ENY-WSU	GWAS (Gentic diversity of sorghum using SNP markers)
S100K-SNP-SB03-071104827-G-A	SbMATE_5985	Aluminum tolerance	SNP	3	71104827	71108073	G	A	2	Jura/SbMATE	JUR-SBM	SbMATE functional marker (PMID:24498106)
S100K-SNP-SB03-071104827-C-A	SbMATE_6083	Aluminum tolerance	SNP	3	71104827	71108073	C	A	2	Jura/SbMATE	JUR-SBM	SbMATE functional marker (PMID:24498106)
S100K-SNP-SB03-071104827-G-C	SbMATE_6094	Aluminum tolerance	SNP	3	71104827	71108073	G	C	2	Jura/SbMATE	JUR-SBM	SbMATE functional marker (PMID:24498106)
S100K-SNP-SB03-071104827-A-T	SbMATE_5519	Aluminum tolerance	SNP	3	71104827	71108073	A	T	2	Jura/SbMATE	JUR-SBM	SbMATE functional marker (PMID:24498106)
S100K-SNP-SB03-071104827-G-A-02	SbMATE_5947	Aluminum tolerance	SNP	3	71104827	71108073	G	A	2	Jura/SbMATE	JUR-SBM	SbMATE functional marker (PMID:24498106)
S100K-SNP-SB03-071104827-T-C	SbMATE_24804	Aluminum tolerance	SNP	3	71104827	71108073	T	C	2	Jura/SbMATE	JUR-SBM	SbMATE functional marker (PMID:24498106)
S100K-SNP-SB03-071104827-G-T	SbMATE_8364	Aluminum tolerance	SNP	3	71104827	71108073	G	T	2	Jura/SbMATE	JUR-SBM	SbMATE functional marker (PMID:24498106)
S100K-SNP-SB03-071104827-C-A-02	SbMATE_8423	Aluminum tolerance	SNP	3	71104827	71108073	C	A	2	Jura/SbMATE	JUR-SBM	SbMATE functional marker (PMID:24498106)
